1200000005;Aaron;person;name
1200000006;Ab;location;name
1200000018;Abel;person;name
1200000043;Abilene;location;name
1200000059;Abortion;act;
1200000060;Abraham;person;name
1200000065;Abyss;object;
1200000066;Acacia;plant;
1200000071;Accusation;communication;
1200000083;Acre;quantity;
1200000088;Adalia;location;name
1200000089;Adam;person;name
1200000092;Adar;time;name
1200000102;Adjutant;person;
1200000106;Administration;act;
1200000114;Adoption;act;
1200000117;Adornment;artifact;
1200000123;Adultery;act;
1200000125;Adversary;person;
1200000126;Aeneas;person;name
1200000128;Affection;feeling;
1200000132;Agate;substance;
1200000133;Age;attribute;
1200000134;Agee;person;name
1200000135;Agriculture;act;
1200000136;Agrippa;person;name
1200000138;Ahab;person;name
1200000178;Ai;group;name
1200000184;Akan;communication;name
1200000188;Alabaster;substance;
1200000192;Alexander;plant;name
1200000193;Alexandria;location;name
1200000196;Alkali;substance;
1200000198;Alliance;state;
1200000201;Almighty;person;name
1200000204;Almond;plant;
1200000208;Alpha and Omega;time;
1200000210;Altar;artifact;
1200000225;Ambassador;person;
1200000226;Ambush;act;
1200000227;Amen;person;name
1200000228;Amethyst;substance;
1200000241;Amnesty;state;
1200000244;Amon;person;name
1200000246;Amos;person;name
1200000267;Ananias;person;name
1200000271;Anchor;artifact;
1200000273;Andrew;person;name
1200000277;Angel;person;
1200000278;Anger;feeling;
1200000282;Anklet;artifact;
1200000283;Anna;quantity;
1200000287;Ant;animal;
1200000288;Antelope;animal;
1200000290;Antichrist;person;name
1200000292;Antioch;location;name
1200000297;Anxiety;state;
1200000298;Ape;animal;
1200000305;Apocrypha;communication;name
1200000309;Apostasy;state;
1200000310;Apostle;person;
1200000312;Apparition;person;
1200000315;Apple;food;
1200000318;Apron;artifact;
1200000320;Aquila;object;name
1200000321;Ar;substance;
1200000322;Ara;object;name
1200000327;Arabia;location;name
1200000328;Arabian;person;name
1200000331;Aram;location;name
1200000332;Aramaean;person;name
1200000333;Aramaic;communication;name
1200000338;Ararat;object;name
1200000344;Archaeology;cognition;
1200000345;Archangel;person;
1200000347;Archer;person;
1200000350;Architecture;artifact;
1200000355;Areopagus;location;name
1200000365;Aristarchus;person;name
1200000367;Ark;artifact;name
1200000369;Ark of the Covenant;artifact;name
1200000370;Arm;body;
1200000371;Armageddon;location;name
1200000373;Armor;artifact;
1200000374;Armor-bearer;person;
1200000376;Army;group;
1200000377;Army Officer;person;
1200000386;Arrow;communication;
1200000388;Art;artifact;
1200000389;Artaxerxes;person;
1200000391;Artemis;person;name
1200000402;Ascension;time;name
1200000406;Ash;substance;
1200000429;Ashtoreth;person;name
1200000430;Ashurbanipal;person;name
1200000433;Asia;object;name
1200000436;Asp;animal;
1200000440;Ass;body;
1200000441;Assembly;artifact;
1200000445;Association;group;
1200000447;Assyria;location;name
1200000459;Athens;location;name
1200000461;Atonement;possession;
1200000468;Augustus;person;name
1200000470;Aunt;person;
1200000471;Authorities;group;
1200000479;Awe;feeling;
1200000480;Ax;artifact;
1200000505;Baal;person;name
1200000529;Babel;state;
1200000530;Babylon;location;name
1200000534;Bag;artifact;
1200000535;Baggage;artifact;
1200000536;Bagpipe;artifact;
1200000547;Baldness;state;
1200000551;Ban;communication;
1200000552;Bangle;artifact;
1200000555;Baptism;act;
1200000560;Barbarian;person;
1200000565;Barley;food;
1200000567;Barrenness;state;
1200000571;Baruch;person;name
1200000575;Basin;artifact;
1200000576;Basket;artifact;
1200000577;Bat;animal;
1200000578;Bath;artifact;
1200000579;Bathing;act;
1200000582;Battering Ram;artifact;
1200000586;Beads;artifact;
1200000589;Bear;animal;
1200000590;Beard;body;
1200000592;Beating;act;
1200000598;Bed;artifact;
1200000602;Bee;animal;
1200000604;Beelzebub;person;name
1200000618;Beheading;act;
1200000619;Behemoth;person;
1200000621;Bel;quantity;name
1200000625;Bell;artifact;
1200000626;Bellows;artifact;
1200000627;Belly;body;
1200000628;Belshazzar;person;name
1200000629;Belt;artifact;
1200000631;Ben;object;
1200000640;Benjamin;substance;
1200000660;Beryl;substance;
1200000664;Bestiality;attribute;
1200000682;Bethel;artifact;
1200000694;Bethlehem;location;name
1200000724;Bible;communication;name
1200000730;Big Tree;plant;
1200000739;Billhook;artifact;
1200000748;Birth;time;
1200000749;Birthday;time;
1200000750;Birthright;attribute;
1200000754;Bithynia;location;name
1200000762;Bitumen;substance;
1200000765;Black;attribute;
1200000768;Blamelessness;state;
1200000769;Blasphemy;communication;
1200000771;Blemish;attribute;
1200000772;Blessing;act;
1200000773;Blindness;state;
1200000774;Blood;body;
1200000775;Bloodguilt;state;
1200000776;Blue;attribute;
1200000778;Boar;animal;
1200000783;Body;body;
1200000784;Bodyguard;person;
1200000786;Boil;state;
1200000787;Bond;phenomenon;
1200000788;Bones;artifact;
1200000789;Book;communication;
1200000790;Booth;artifact;
1200000794;Bosom;state;
1200000796;Bottle;artifact;
1200000798;Boundary;location;
1200000800;Bow;artifact;
1200000801;Bowels;location;
1200000803;Bowl;artifact;
1200000804;Bowman;person;
1200000805;Boy;person;
1200000809;Bracelet;artifact;
1200000810;Bramble;plant;
1200000813;Brass;substance;
1200000814;Brazier;artifact;
1200000815;Bread;food;
1200000819;Breastplate;artifact;
1200000820;Breath;act;
1200000821;Bribe;possession;
1200000822;Brick;artifact;
1200000824;Bridle;artifact;
1200000825;Brier;plant;
1200000827;Bronze;substance;
1200000828;Brooch;artifact;
1200000829;Broom Tree;plant;
1200000830;Brother;person;
1200000832;Brown;attribute;
1200000837;Bulbul;animal;
1200000838;Bull;animal;
1200000841;Burden;cognition;
1200000844;Bush;plant;
1200000845;Butter;food;
1200000849;Cab;artifact;
1200000852;Caesar;person;name
1200000853;Caesarea;location;name
1200000855;Cage;artifact;
1200000857;Cain;person;name
1200000859;Cake;artifact;
1200000866;Calendar;time;
1200000867;Calf;animal;
1200000870;Calvary;location;name
1200000871;Camel;animal;
1200000872;Camp;artifact;
1200000874;Canaan;location;name
1200000875;Canal;object;
1200000878;Cane;artifact;
1200000880;Canon;communication;
1200000884;Capital;possession;
1200000885;Cappadocia;location;name
1200000887;Captive;person;
1200000888;Captivity;state;
1200000893;Carmelite;person;name
1200000897;Carpenter;person;
1200000898;Carpus;body;
1200000900;Carving;artifact;
1200000903;Cassia;plant;
1200000904;Castle;artifact;
1200000905;Caterpillar;animal;
1200000906;Cauda;body;
1200000907;Cave;object;
1200000908;Cedar;plant;
1200000910;Censer;artifact;
1200000911;Census;act;
1200000912;Centurion;person;
1200000914;Chaff;substance;
1200000915;Chains;artifact;
1200000916;Chalcedony;substance;
1200000917;Chaldea;location;name
1200000918;Chalk;substance;
1200000919;Chalkstone;substance;
1200000920;Chameleon;person;
1200000921;Chamois;substance;
1200000922;Charcoal;substance;
1200000923;Chariot;artifact;
1200000929;Cheek;body;
1200000930;Cheese;food;
1200000945;Cherub;person;
1200000951;Chieftain;person;
1200000953;Childbearing;process;
1200000959;Chios;location;name
1200000960;Chislev;time;name
1200000966;Christ;person;name
1200000967;Christian;person;name
1200000970;Chronology;relation;
1200000971;Chrysolite;substance;
1200000972;Chrysoprase;substance;
1200000973;Chub;animal;
1200000976;Cinnamon;plant;
1200000977;Circumcision;time;name
1200000978;Cistern;body;
1200000981;City;location;
1200000985;Clan;group;
1200000987;Claudius;person;name
1200000989;Clay;substance;
1200000994;Cloth;artifact;
1200000995;Clothing;artifact;
1200000996;Cloud;phenomenon;
1200000999;Coat of Mail;artifact;
1200001000;Cobra;animal;
1200001001;Coccus;animal;
1200001002;Cock;body;
1200001004;Cockroach;animal;
1200001005;Codex;communication;
1200001007;Collection;group;
1200001009;Colors;artifact;
1200001010;Colossae;location;name
1200001012;Commander;person;
1200001014;Communication;communication;
1200001015;Compass;artifact;
1200001016;Compassion;feeling;
1200001017;Compensation;possession;
1200001020;Concubine;person;
1200001021;Congregation;group;
1200001023;Conjurer;person;
1200001024;Conscience;motive;
1200001025;Constable;person;
1200001026;Contribution;act;
1200001027;Convention;group;
1200001028;Conversion;event;
1200001032;Copyist;person;
1200001034;Coral;attribute;
1200001037;Coriander Seed;food;
1200001038;Corinth;location;name
1200001040;Cormorant;animal;
1200001043;Cornerstone;cognition;
1200001044;Cos;relation;
1200001047;Cotton;substance;
1200001049;Courage;attribute;
1200001050;Courier;person;
1200001053;Cousin;person;
1200001054;Covenant;communication;
1200001055;Covetousness;feeling;
1200001056;Cow;animal;
1200001059;Craftsman;person;
1200001060;Crag;object;
1200001061;Creation;act;
1200001072;Cricket;animal;
1200001074;Crimson;attribute;
1200001076;Crocodile;animal;
1200001077;Cross;artifact;
1200001078;Crown;communication;name
1200001079;Crystal;substance;
1200001080;Cubit;quantity;
1200001081;Cuckoo;person;
1200001082;Cucumber;plant;
1200001083;Cud;food;
1200001084;Cumin;plant;
1200001086;Cup;quantity;
1200001087;Cupbearer;person;
1200001088;Curse;communication;
1200001094;Custody;state;
1200001096;Cutting Off;act;
1200001099;Cypress;plant;
1200001100;Cyprus;location;name
1200001102;Cyrus;person;name
1200001105;Dagger;artifact;
1200001107;Dagon;person;name
1200001108;Daleth;communication;
1200001110;Dalmatia;location;name
1200001114;Damascus;location;name
1200001116;Dancing;act;
1200001117;Daniel;person;name
1200001126;Date;time;
1200001128;Daughter;person;
1200001129;Daughter-in-law;person;
1200001130;David;person;name
1200001132;Day;time;
1200001134;Dead Sea;object;name
1200001135;Deafness;state;
1200001136;Death;event;
1200001140;Decalogue;communication;name
1200001144;Dedication;attribute;
1200001145;Deed;act;
1200001146;Defect;state;
1200001149;Delilah;person;name
1200001150;Deluge;quantity;
1200001152;Demetrius;person;name
1200001153;Demon;person;
1200001157;Deputy;person;
1200001159;Desert;location;
1200001160;Destruction;act;
1200001163;Deuteronomy;communication;name
1200001164;Devil;person;name
1200001166;Devotion;feeling;
1200001167;Dew;substance;
1200001168;Diadem;artifact;
1200001169;Diamond;possession;
1200001178;Dill;plant;
1200001184;Dionysius;person;name
1200001187;Dirge;communication;
1200001189;Disciple;person;
1200001190;Discipline;cognition;
1200001196;Distaff;state;
1200001197;District;location;
1200001199;Divan;artifact;
1200001200;Divination;communication;
1200001201;Divine;person;name
1200001202;Divorce;act;
1200001207;Dodo;person;
1200001209;Dog;animal;
1200001210;Doorkeeper;person;
1200001211;Doorway;artifact;
1200001216;Dove;animal;
1200001218;Drachma;quantity;
1200001219;Dragnet;group;
1200001220;Dragon;person;
1200001221;Dread;feeling;
1200001222;Dream;cognition;
1200001223;Dregs;object;
1200001224;Dress;artifact;
1200001226;Drunkenness;state;
1200001228;Duke;person;
1200001230;Dung;substance;
1200001231;Dungeon;artifact;
1200001232;Dura;body;
1200001233;Dust;substance;
1200001235;Eagle;animal;
1200001236;Ear;body;
1200001237;Eardrop;artifact;
1200001238;Earring;artifact;
1200001239;Earth;object;name
1200001240;Earthquake;event;
1200001241;East;relation;
1200001252;Ebony;attribute;
1200001255;Ecclesiastes;communication;name
1200001256;Eden;location;name
1200001260;Education;act;
1200001271;El;relation;
1200001272;Ela;group;
1200001274;Elam;location;name
1200001282;Elder;person;
1200001288;Electrum;substance;
1200001307;Elijah;person;name
1200001323;Elizabeth;person;name
1200001343;Elul;time;name
1200001349;Embroidery;communication;
1200001351;Emerald;substance;
1200001358;End;location;
1200001360;Endurance;attribute;
1200001362;Enemy;group;
1200001363;Engagement;act;
1200001366;Engraving;artifact;
1200001377;Envy;feeling;
1200001387;Ephesus;location;name
1200001410;Epilepsy;state;
1200001411;Er;substance;
1200001417;Esau;person;name
1200001430;Esther;person;name
1200001437;Ether;artifact;
1200001438;Ethiopia;location;name
1200001444;Eunuch;person;
1200001446;Euphrates;object;name
1200001450;Eve;person;name
1200001452;Evil;act;
1200001455;Execration;feeling;
1200001457;Exile;person;
1200001458;Exodus;act;
1200001460;Exorcism;cognition;
1200001461;Expanse;attribute;
1200001462;Expelling;process;
1200001464;Extortion;possession;
1200001465;Eye;body;
1200001469;Ezekiel;person;name
1200001475;Ezra;person;name
1200001480;Fable;communication;
1200001481;Fabric;artifact;
1200001482;Face;body;
1200001484;Faith;cognition;
1200001486;Falcon;animal;
1200001488;Family;group;
1200001489;Famine;state;
1200001490;Farming;act;
1200001492;Fast;act;
1200001493;Fat;substance;
1200001494;Father;person;
1200001495;Father-in-law;person;
1200001498;Fathom;quantity;
1200001500;Fear;feeling;
1200001501;Feast;group;
1200001503;Ferment;state;
1200001504;Festival;time;
1200001514;Fever;state;
1200001515;Field;location;
1200001518;Fig;communication;
1200001521;Finger;body;
1200001522;Fingerbreadth;quantity;
1200001523;Fire;event;
1200001527;Fish;animal;
1200001529;Fishing;act;
1200001530;Flattery;communication;
1200001531;Flax;substance;
1200001532;Flea;animal;
1200001533;Flesh;body;
1200001534;Flint;substance;
1200001535;Flogging;act;
1200001536;Flood;phenomenon;
1200001537;Flour;food;
1200001538;Flute;artifact;
1200001539;Fly;animal;
1200001541;Food;Food;
1200001543;Fool;person;
1200001544;Foot;quantity;
1200001545;Footstool;artifact;
1200001547;Forehead;body;
1200001548;Foreigner;person;
1200001550;Forerunner;relation;
1200001551;Foreskin;body;
1200001552;Forest;group;
1200001554;Forgiveness;feeling;
1200001555;Fornication;act;
1200001558;Foundation;relation;
1200001562;Four;quantity;
1200001563;Fowl;animal;
1200001564;Fox;animal;
1200001565;Frankincense;substance;
1200001566;Fraud;act;
1200001568;Freedom;state;
1200001570;Friend;person;
1200001571;Frog;animal;
1200001573;Fuel;substance;
1200001575;Funeral;event;
1200001576;Furlong;quantity;
1200001577;Furnace;artifact;
1200001582;Gabriel;person;name
1200001583;Gad;state;
1200001585;Gaddi;artifact;
1200001587;Gadfly;person;
1200001592;Gaius;person;name
1200001594;Galatia;location;name
1200001596;Galbanum;substance;
1200001598;Galilee;location;name
1200001600;Gall;state;
1200001601;Galley;artifact;
1200001607;Gangrene;state;
1200001608;Garden;artifact;
1200001610;Garland;person;name
1200001611;Garlic;plant;
1200001612;Garment;artifact;
1200001614;Garner;artifact;
1200001615;Garrison;artifact;
1200001618;Gatekeeper;person;
1200001622;Gaza;location;name
1200001623;Gazelle;animal;
1200001631;Gecko;animal;
1200001642;Gehenna;cognition;name
1200001646;Genealogy;group;
1200001648;Generation;group;
1200001649;Generosity;attribute;
1200001654;Gentleness;attribute;
1200001675;Giant;animal;
1200001705;Gimel;communication;
1200001710;Girdle;body;
1200001718;Glass;substance;
1200001721;Glory;state;
1200001722;Glutton;person;
1200001723;Gnat;animal;
1200001724;Goad;artifact;
1200001726;Goat;animal;
1200001728;Gob;person;
1200001729;God;person;name
1200001736;Golan;location;name
1200001737;Gold;possession;
1200001738;Golgotha;location;name
1200001739;Goliath;person;name
1200001741;Gomorrah;location;name
1200001742;Goodness;attribute;
1200001744;Goodwill;possession;
1200001747;Gourd;artifact;
1200001748;Government;group;
1200001749;Governor;person;
1200001752;Grafting;act;
1200001754;Granary;artifact;
1200001756;Grape;food;
1200001757;Grass;plant;
1200001758;Grasshopper;animal;
1200001759;Grave;time;
1200001760;Gravel;substance;
1200001766;Greed;attribute;
1200001767;Greek;communication;name
1200001769;Green;attribute;
1200001770;Greens;food;
1200001771;Greeting;communication;
1200001772;Greyhound;animal;
1200001773;Grief;feeling;
1200001774;Ground;object;
1200001775;Guard;person;
1200001778;Guest;person;
1200001779;Guilt;state;
1200001781;Gull;person;
1200001785;Gur;communication;name
1200001789;Habakkuk;person;name
1200001803;Hades;person;name
1200001812;Haggai;person;name
1200001820;Hail;phenomenon;
1200001821;Hair;body;
1200001829;Hallel;communication;name
1200001830;Hallelujah;communication;
1200001832;Ham;food;
1200001833;Haman;person;name
1200001838;Hammer;artifact;
1200001846;Hamstring;body;
1200001854;Hand;body;
1200001855;Handbreadth;quantity;
1200001858;Handshake;communication;
1200001860;Hanging;artifact;
1200001868;Happiness;state;
1200001875;Hare;animal;
1200001883;Harlot;person;
1200001892;Harp;artifact;
1200001893;Harpoon;artifact;
1200001898;Harvest;plant;
1200001912;Hate;feeling;
1200001919;Haughtiness;attribute;
1200001941;Head;body;
1200001942;Headband;artifact;
1200001943;Head Covering;artifact;
1200001944;Headdress;artifact;
1200001945;Headship;act;
1200001946;Healing;process;
1200001947;Hearing;act;
1200001948;Heart;cognition;
1200001949;Heaven;location;name
1200001958;Hedge;artifact;
1200001959;Heel;artifact;
1200001961;Heifer;animal;
1200001962;Heir;person;
1200001978;Hell;location;
1200001979;Helmet;artifact;
1200001988;Henna;substance;
1200001992;Herald;person;
1200001997;Hermes;person;name
1200002000;Herod;person;name
1200002004;Heron;person;name
1200002008;Heshvan;time;name
1200002009;Heth;communication;
1200002011;Hezekiah;person;name
1200002023;High Priest;person;
1200002027;Hill;object;
1200002028;Hillel;person;name
1200002029;Hin;quantity;
1200002030;Hind;animal;
1200002032;Hippopotamus;animal;
1200002044;Hoarfrost;substance;
1200002047;Hod;artifact;
1200002052;Hoe;artifact;
1200002055;Holiness;attribute;
1200002058;Holy of Holies;attribute;
1200002060;Holy Place;location;
1200002061;Holy Spirit;person;name
1200002063;Homer;act;
1200002065;Honor;communication;
1200002066;Hook;artifact;
1200002067;Hoopoe;animal;
1200002068;Hope;feeling;
1200002080;Horn;artifact;
1200002083;Horse;animal;
1200002086;Hosea;person;name
1200002091;Hospitality;communication;
1200002094;Hour;time;
1200002095;House;artifact;
1200002102;Humility;attribute;
1200002112;Husband;person;
1200002118;Hyacinth;substance;
1200002121;Hypocrite;person;
1200002122;Hyssop;plant;
1200002130;Ice;substance;
1200002146;Illegitimate;person;
1200002149;Image;cognition;
1200002154;Immersion;event;
1200002155;Immortality;attribute;
1200002159;Impalement;act;
1200002160;Impartiality;cognition;
1200002163;Inauguration;act;
1200002164;Incense;substance;
1200002166;Incest;act;
1200002167;Incorruption;attribute;
1200002168;India;location;name
1200002169;Industriousness;attribute;
1200002171;Inheritance;act;
1200002172;Ink;substance;
1200002174;Inn;artifact;
1200002176;Insight;cognition;
1200002178;Inspiration;cognition;
1200002179;Installation;act;
1200002180;Instruction;communication;
1200002181;Instrument;artifact;
1200002182;Integrity;state;
1200002183;Interest;cognition;
1200002184;Interpretation;cognition;
1200002185;Interpreter;person;
1200002187;Intoxication;state;
1200002192;Ir;substance;
1200002193;Ira;group;name
1200002199;Iron;substance;
1200002203;Isaac;person;name
1200002204;Isaiah;person;name
1200002215;Ishmael;person;name
1200002227;Israel;location;name
1200002228;Israelite;person;name
1200002230;Issachar;person;name
1200002234;Italy;location;name
1200002247;Ivory;substance;
1200002278;Jackal;animal;
1200002279;Jacob;person;name
1200002284;Jade;substance;
1200002303;Jail;artifact;
1200002304;Jailer;person;
1200002313;James;person;name
1200002323;Japheth;person;name
1200002327;Jar;artifact;
1200002340;Jason;person;name
1200002341;Jasper;substance;
1200002344;Javan;person;name
1200002345;Javelin;event;
1200002391;Jehovah;person;name
1200002418;Jerboa;animal;
1200002421;Jeremiah;person;name
1200002426;Jericho;location;name
1200002431;Jeroboam;person;name
1200002436;Jerusalem;location;name
1200002450;Jesus;person;name
1200002451;Jesus Christ;person;name
1200002460;Jewelry;artifact;
1200002463;Jezebel;person;name
1200002475;Job;act;
1200002481;Joel;person;name
1200002489;John;artifact;
1200002503;Jonah;person;name
1200002506;Jonathan;food;name
1200002507;Joppa;location;name
1200002511;Jordan;object;name
1200002515;Joseph;person;name
1200002523;Joshua;person;name
1200002530;Journey;act;
1200002531;Joy;feeling;
1200002536;Jubilee;time;
1200002538;Judah;person;name
1200002540;Judaism;group;name
1200002541;Judas;person;name
1200002542;Jude;person;name
1200002544;Judea;location;name
1200002545;Judge;person;
1200002547;Judgment Day;time;name
1200002551;Judith;person;name
1200002555;Juniper;plant;
1200002558;Justice;attribute;
1200002560;Justification;cognition;
1200002572;Kaph;communication;
1200002599;Key;artifact;
1200002603;Kid;person;
1200002604;Kidnapping;act;
1200002607;Kiln;artifact;
1200002611;Kind;cognition;
1200002612;Kindness;attribute;
1200002613;King;person;
1200002614;Kingdom;state;
1200002615;Kingdom of God;location;
1200002618;Kinsman;person;
1200002635;Kiss;act;
1200002636;Kite;possession;
1200002641;Knife;artifact;
1200002642;Knob;artifact;
1200002643;Knowledge;Knowledge;
1200002650;Kore;person;name
1200002655;Laban;person;name
1200002656;Labdanum;substance;
1200002657;Labor;act;
1200002658;Labor Pains;state;
1200002661;Ladder;artifact;
1200002662;Lady;person;
1200002671;Lamb;animal;
1200002674;Lamedh;communication;
1200002676;Lamp;artifact;
1200002678;Lance;artifact;
1200002679;Landowner;person;
1200002680;Language;communication;
1200002687;Last Supper;act;name
1200002688;Latin;communication;name
1200002689;Lattice;cognition;
1200002690;Laughter;communication;
1200002691;Laundryman;person;
1200002693;Laurel;plant;
1200002694;Law;communication;
1200002695;Lawgiver;person;
1200002696;Lawlessness;state;
1200002697;Laying On of Hands;act;
1200002698;Lazarus;person;name
1200002699;Laziness;attribute;
1200002700;Lead;substance;
1200002703;Leaven;substance;
1200002705;Lebanon;location;name
1200002710;Leech;animal;
1200002711;Leek;plant;
1200002712;Leg;body;
1200002714;Legion;group;
1200002718;Lentil;food;
1200002719;Leopard;substance;
1200002720;Leprosy;state;
1200002723;Letters;cognition;
1200002727;Levi;person;name
1200002728;Leviathan;person;
1200002732;Leviticus;communication;name
1200002733;Liberty;state;
1200002737;Libya;location;name
1200002738;Lie;communication;
1200002739;Life;state;
1200002742;Light;phenomenon;
1200002743;Lightning;phenomenon;
1200002745;Lily;plant;
1200002746;Lime;substance;
1200002747;Linen;artifact;
1200002749;Lion;animal;
1200002751;Lip;body;
1200002753;Litter;group;
1200002754;Liver;body;
1200002755;Lizard;animal;
1200002756;Load;artifact;
1200002757;Loaf;food;
1200002759;Loan;possession;
1200002762;Lock;artifact;
1200002763;Locust;animal;
1200002766;Log;substance;
1200002767;Loins;body;
1200002769;Long-suffering;attribute;
1200002771;Lord;person;name
1200002779;Lotus Tree;plant;
1200002780;Lounge;artifact;
1200002781;Love;feeling;
1200002783;Loving-kindness;attribute;
1200002784;Loyalty;attribute;
1200002786;Luck;state;
1200002788;Luggage;artifact;
1200002790;Luke;person;name
1200002792;Luminary;person;
1200002793;Lute;substance;
1200002796;Lycia;location;name
1200002798;Lydia;location;name
1200002799;Lye;substance;
1200002827;Madness;state;
1200002833;Maggot;animal;
1200002835;Magistrate;person;
1200002855;Maiden;person;
1200002860;Malachi;person;name
1200002870;Malediction;communication;
1200002875;Malta;location;name
1200002876;Mammon;state;
1200002878;Man;person;
1200002884;Mandrake;plant;
1200002887;Manifestation;event;
1200002888;Manna;plant;
1200002891;Manslayer;person;
1200002892;Mantle;communication;
1200002896;Mara;person;name
1200002898;Marble;substance;
1200002901;Mariner;person;
1200002910;Marketplace;act;
1200002912;Marriage;state;
1200002913;Marrow;body;
1200002916;Marshmallow;food;
1200002918;Mary;person;name
1200002919;Mash;substance;
1200002922;Mason;person;name
1200002938;Matthew;person;name
1200002942;Maturity;time;
1200002945;Meal;food;
1200002947;Measure;act;
1200002949;Meat;food;
1200002954;Medan;location;name
1200002957;Mediator;person;
1200002958;Meditation;cognition;
1200002959;Meekness;feeling;
1200002973;Mem;communication;
1200002974;Memorial;communication;
1200002976;Memphis;location;name
1200002981;Menstruation;process;
1200002993;Merchant;person;
1200002994;Mercy;act;
1200003001;Merodach;person;name
1200003016;Mesopotamia;location;name
1200003017;Messenger;person;
1200003018;Messiah;person;
1200003020;Metalworker;person;
1200003022;Methuselah;person;name
1200003027;Mezuzah;communication;
1200003031;Mica;substance;
1200003032;Micah;person;name
1200003035;Michael;person;name
1200003042;Midwife;person;
1200003054;Mildew;process;
1200003055;Mildness;state;
1200003056;Mile;quantity;
1200003059;Milk;food;
1200003060;Mill;artifact;
1200003061;Millet;plant;
1200003063;Millstone;cognition;
1200003064;Mina;animal;
1200003065;Mind;cognition;
1200003068;Minister;person;
1200003069;Ministry;group;
1200003072;Mint;quantity;
1200003076;Mirror;artifact;
1200003077;Miscarriage;event;
1200003087;Mist;phenomenon;
1200003099;Modesty;attribute;
1200003101;Molech;person;name
1200003102;Mole Rat;animal;
1200003104;Moloch;person;name
1200003106;Money;possession;
1200003107;Money Changer;person;
1200003108;Month;time;
1200003109;Monument;artifact;
1200003110;Moon;object;name
1200003118;Moses;person;name
1200003119;Mosquito;animal;
1200003122;Moth;animal;
1200003123;Mother;person;
1200003124;Mound;artifact;
1200003128;Mourning;state;
1200003129;Mouth;body;
1200003132;Mule;animal;
1200003134;Murder;act;
1200003137;Music;communication;
1200003138;Mustache;body;
1200003139;Mustard;plant;
1200003141;Muzzle;artifact;
1200003143;Myrrh;plant;
1200003144;Myrtle;plant;
1200003146;Mystery;cognition;
1200003172;Nahum;person;name
1200003174;Nail;body;
1200003177;Name;communication;
1200003178;Naomi;person;name
1200003182;Narcissus;plant;
1200003183;Nard;artifact;
1200003188;Nature;attribute;
1200003189;Nazarene;person;name
1200003190;Nazareth;location;name
1200003199;Nebo;person;name
1200003200;Nebuchadnezzar;person;name
1200003204;Neck;body;
1200003205;Necklace;artifact;
1200003207;Needle;plant;
1200003210;Neglect;cognition;
1200003212;Nehemiah;communication;name
1200003218;Neighbor;person;
1200003227;Nereus;person;name
1200003228;Nergal;person;name
1200003232;Nero;person;name
1200003233;Nest;object;
1200003234;Net;artifact;
1200003240;Nettle;plant;
1200003243;Newt;animal;
1200003252;Niger;object;name
1200003253;Night;time;
1200003254;Nightjar;animal;
1200003255;Nile;object;name
1200003259;Nimrod;person;name
1200003261;Nineveh;location;name
1200003262;Nisan;time;name
1200003266;Noah;person;name
1200003267;Nob;person;
1200003269;Noble;person;name
1200003275;North;location;name
1200003277;Nose Ring;artifact;
1200003282;Nurse;person;
1200003285;Oar;artifact;
1200003286;Oath;communication;
1200003287;Obadiah;person;name
1200003292;Obedience;act;
1200003293;Obeisance;communication;
1200003300;Tyre;location;name
1200003301;Roman Empire;location;name
1200003313;Oil;substance;
1200003317;Olive;plant;
1200003321;Omega;event;
1200003322;Omen;event;
1200003330;Onion;plant;
1200003332;Ono;person;name
1200003334;Onyx;substance;
1200003345;Orphan;person;
1200003346;Osprey;animal;
1200003347;Ostrich;person;
1200003350;Oven;artifact;
1200003351;Overseer;person;
1200003352;Owl;animal;
1200003362;Pain;state;
1200003363;Palace;artifact;
1200003365;Palate;body;
1200003366;Palestine;location;name
1200003369;Palm Tree;plant;
1200003374;Paper;substance;
1200003376;Papyrus;substance;
1200003377;Paradise;location;name
1200003379;Paralysis;state;
1200003381;Parchment;substance;
1200003382;Pardon;act;
1200003383;Park;location;
1200003391;Partridge;food;
1200003397;Passover;time;name
1200003402;Patience;attribute;
1200003406;Paul;person;name
1200003409;Peace;state;
1200003410;Peacock;animal;
1200003411;Pearl;possession;
1200003425;Pelican;animal;
1200003427;Pen;artifact;
1200003430;Pentateuch;communication;name
1200003431;Pentecost;time;name
1200003440;Perfection;state;
1200003441;Perfume;artifact;
1200003443;Pergamum;location;name
1200003446;Persecution;act;
1200003450;Pestilence;state;
1200003451;Peter;person;name
1200003458;Pharaoh;person;name
1200003462;Philadelphia;location;name
1200003463;Philemon;person;name
1200003466;Philip;person;name
1200003467;Philippi;location;name
1200003469;Philistia;location;name
1200003471;Philosophy;cognition;
1200003474;Phoebe;quantity;
1200003475;Phoenicia;location;name
1200003476;Phoenix;location;name
1200003477;Phrygia;location;name
1200003479;Phylactery;communication;
1200003480;Physician;person;
1200003482;Pig;animal;
1200003483;Pigeon;animal;
1200003485;Pilate;person;name
1200003487;Piles;state;
1200003489;Pillar;cognition;
1200003490;Pillory;artifact;
1200003493;Pinon;plant;
1200003494;Pipe;artifact;
1200003501;Pistachio Nut;food;
1200003502;Pit;object;
1200003503;Pitch;attribute;
1200003506;Pity;feeling;
1200003507;Plague;state;
1200003508;Plain;object;
1200003509;Plane Tree;plant;
1200003510;Plaster;substance;
1200003511;Pledge;possession;
1200003512;Plow;artifact;
1200003513;Plowing;act;
1200003514;Plummet;artifact;
1200003516;Poison;substance;
1200003517;Poisonous Plant;plant;
1200003518;Polygamy;state;
1200003519;Pomegranate;plant;
1200003521;Pontus;person;name
1200003522;Pool;artifact;
1200003524;Poor;group;
1200003528;Porch;artifact;
1200003530;Porcupine;animal;
1200003531;Porphyry;substance;
1200003532;Portent;event;
1200003533;Pot;artifact;
1200003536;Potsherd;artifact;
1200003537;Potter;person;
1200003539;Pound;quantity;
1200003541;Praetorian Guard;person;name
1200003542;Praise;communication;
1200003543;Prayer;act;
1200003545;Prefect;person;
1200003546;Pregnancy;state;
1200003547;Preparation;act;
1200003548;Presence;state;
1200003550;Press;group;
1200003551;Presumptuousness;attribute;
1200003552;Pride;feeling;
1200003553;Priest;person;
1200003555;Prince;person;
1200003557;Prison;artifact;
1200003558;Procession;event;
1200003560;Proconsul;person;
1200003561;Prophecy;cognition;
1200003562;Prophet;person;
1200003563;Prophetess;person;
1200003565;Proselyte;person;
1200003566;Prostitute;person;
1200003570;Province;location;
1200003571;Pruning Shears;artifact;
1200003579;Pul;quantity;
1200003580;Punishment;act;
1200003583;Pupil;person;
1200003586;Purchase;act;
1200003587;Purification;act;
1200003588;Purim;time;name
1200003589;Purple;attribute;
1200003590;Purse;artifact;
1200003591;Put;act;
1200003596;Pyrrhus;person;name
1200003598;Quail;food;
1200003599;Quarantine;state;
1200003600;Quarrel;communication;
1200003601;Quarry;person;
1200003602;Quart;quantity;
1200003603;Quartermaster;person;
1200003605;Queen;animal;
1200003608;Quiver;feeling;
1200003613;Rabbi;person;
1200003621;Rachel;person;name
1200003625;Rain;phenomenon;
1200003626;Rainbow;object;
1200003629;Ram;artifact;
1200003635;Rameses;person;name
1200003639;Rampart;artifact;
1200003640;Ransom;possession;
1200003647;Rape;plant;
1200003651;Raven;animal;
1200003652;Razor;artifact;
1200003653;Reading;cognition;
1200003656;Reasonableness;state;
1200003658;Rebekah;person;name
1200003659;Rebelliousness;attribute;
1200003660;Rebuke;communication;
1200003664;Reconciliation;act;
1200003665;Recorder;artifact;
1200003666;Re-creation;act;
1200003667;Red;attribute;
1200003668;Redemption;act;
1200003669;Red Sea;object;name
1200003670;Reed;plant;
1200003673;Refuge;location;
1200003676;Registration;act;
1200003677;Regret;feeling;
1200003687;Relief;feeling;
1200003690;Remnant;relation;
1200003691;Repentance;feeling;
1200003699;Reproach;communication;
1200003700;Reproof;communication;
1200003705;Resident;person;
1200003707;Respect;cognition;
1200003708;Restoration;time;name
1200003709;Resurrection;event;name
1200003710;Retirement;state;
1200003711;Retribution;possession;
1200003713;Reuben;person;name
1200003716;Revelation;communication;
1200003718;Revelry;act;
1200003726;Rhodes;person;name
1200003727;Rib;artifact;
1200003730;Riches;possession;
1200003731;Riddle;communication;
1200003732;Ridicule;communication;
1200003733;Righteousness;attribute;
1200003737;Ring;attribute;
1200003739;Ringworm;state;
1200003745;River;object;
1200003749;Road;artifact;
1200003750;Robe;artifact;
1200003751;Rock;object;
1200003756;Roebuck;animal;
1200003759;Roll;event;
1200003761;Roman;person;name
1200003763;Rome;location;name
1200003766;Ruby;possession;
1200003767;Rudder;artifact;
1200003768;Rue;plant;
1200003771;Ruler;artifact;
1200003774;Rush;act;
1200003775;Rust;substance;
1200003776;Ruth;person;name
1200003786;Sack;artifact;
1200003787;Sackcloth;artifact;
1200003793;Sacrifice;act;
1200003794;Saddle;artifact;
1200003796;Saffron;plant;
1200003800;Salem;location;name
1200003801;Salim;person;name
1200003806;Salmon;animal;
1200003808;Salome;person;name
1200003809;Salt;substance;
1200003815;Salvation;act;
1200003816;Samaria;location;name
1200003817;Samaritan;person;name
1200003818;Samekh;communication;
1200003823;Samson;person;name
1200003824;Samuel;person;name
1200003827;Sanctification;act;
1200003828;Sanctuary;artifact;
1200003829;Sand;substance;
1200003830;Sandal;artifact;
1200003831;Sand Lizard;animal;
1200003832;Sanhedrin;group;name
1200003836;Sapphire;substance;
1200003837;Sarah;person;name
1200003839;Sardis;location;name
1200003840;Sardius;substance;
1200003841;Sardonyx;substance;
1200003845;Satan;person;name
1200003846;Satrap;person;
1200003847;Saul;person;name
1200003848;Savior;person;name
1200003849;Saw;communication;
1200003851;Scarecrow;artifact;
1200003852;Scarlet;attribute;
1200003854;Scepter;state;
1200003856;School;group;
1200003857;Scorpion;person;name
1200003858;Scourge;artifact;
1200003859;Scribe;person;name
1200003860;Scripture;communication;name
1200003863;Scythian;person;name
1200003864;Sea;object;
1200003866;Seal;artifact;
1200003867;Sealskin;substance;
1200003870;Seat;location;
1200003874;Secret;communication;
1200003875;Secretary;person;
1200003877;Sect;group;
1200003880;Sedition;act;
1200003881;Seed;plant;
1200003882;Seer;person;
1200003890;Self-control;act;
1200003891;Self-will;attribute;
1200003897;Sennacherib;person;name
1200003910;Service;act;
1200003911;Seth;person;name
1200003913;Settler;person;
1200003914;Seven;quantity;
1200003916;Sewing;act;
1200003926;Shadow;state;
1200003947;Shank;food;
1200003964;Shaving;act;
1200003973;Shebat;time;name
1200003981;Sheep;animal;
1200003982;Sheepfold;artifact;
1200003986;Sheik;person;
1200003987;Shekel;quantity;
1200003997;Shem;person;name
1200003998;Shema;communication;name
1200004016;Shepherd;person;
1200004029;Shibah;time;
1200004030;Shibboleth;communication;
1200004031;Shield;artifact;
1200004039;Shiloh;act;name
1200004058;Shin;body;
1200004063;Ship;artifact;
1200004068;Shisha;artifact;
1200004071;Shittim;plant;
1200004083;Shoulder;body;
1200004084;Shovel;artifact;
1200004087;Shua;group;name
1200004110;Sickle;artifact;
1200004111;Sickness;state;
1200004113;Sidon;location;name
1200004114;Sign;communication;
1200004115;Signal;communication;
1200004116;Signature;communication;
1200004119;Silk;artifact;
1200004122;Silvanus;person;name
1200004123;Silver;substance;
1200004124;Simeon;person;name
1200004131;Simon;person;name
1200004134;Sin;attribute;
1200004135;Sinai;object;name
1200004136;Sinew;body;
1200004138;Singleness;attribute;
1200004142;Sion;location;name
1200004149;Sister;person;
1200004153;Sivan;time;name
1200004154;Six;quantity;
1200004155;Skin;body;
1200004157;Sky;object;
1200004158;Slander;communication;
1200004159;Slap;event;
1200004160;Slave;person;
1200004161;Sledge;artifact;
1200004162;Sleep;state;
1200004163;Sling;food;
1200004164;Slinger;person;
1200004165;Smoke;phenomenon;
1200004166;Smyrna;location;name
1200004167;Snail;animal;
1200004168;Snake;animal;
1200004169;Snare;cognition;
1200004170;Snow;phenomenon;
1200004171;Snuffers;artifact;
1200004172;So;communication;
1200004173;Soberness;state;
1200004176;Sodom;location;
1200004177;Soldier;person;
1200004178;Solomon;person;name
1200004179;Son;person;
1200004180;Song;communication;
1200004186;Sorcerer;person;
1200004188;Sorrel;plant;
1200004192;Soul;person;
1200004193;Sourdough;substance;
1200004194;South;location;name
1200004195;Sovereignty;state;
1200004196;Sow;animal;
1200004198;Spain;location;name
1200004199;Span;time;
1200004200;Sparrow;animal;
1200004201;Spear;artifact;
1200004203;Speech;communication;
1200004204;Spell;state;
1200004205;Spelt;plant;
1200004206;Spice;substance;
1200004207;Spider;animal;
1200004209;Spikenard;artifact;
1200004210;Spinning;act;
1200004211;Spirit;person;
1200004212;Spiritism;attribute;
1200004213;Spit;object;
1200004214;Spoil;possession;
1200004215;Sponge;substance;
1200004216;Spring;time;
1200004217;Sprout;plant;
1200004218;Stachys;plant;name
1200004219;Stacte;substance;
1200004220;Staff;group;
1200004221;Stag;animal;
1200004222;Stake;possession;
1200004223;Stall;artifact;
1200004224;Star;object;
1200004225;Stater;possession;
1200004226;Statute;communication;
1200004228;Stealing;act;
1200004230;Stephen;person;name
1200004231;Steward;person;
1200004232;Stocks;artifact;
1200004234;Stomach;body;
1200004235;Stone;object;
1200004236;Stonecutter;person;
1200004238;Stoning;act;
1200004240;Storax;plant;
1200004241;Storehouse;artifact;
1200004242;Stork;animal;
1200004243;Straight;person;
1200004244;Stranger;person;
1200004245;Straw;substance;
1200004246;Street;artifact;
1200004247;Strife;state;
1200004248;Stringed Instrument;artifact;
1200004249;Strong Drink;food;
1200004250;Stubble;substance;
1200004251;Stubbornness;attribute;
1200004252;Stylus;artifact;
1200004254;Submissiveness;attribute;
1200004256;Succoth;time;name
1200004259;Sulfur;substance;
1200004260;Sun;object;
1200004265;Surety;attribute;
1200004266;Susa;location;name
1200004267;Susanna;communication;name
1200004269;Swallow;food;
1200004270;Swan;animal;
1200004272;Swearing;communication;
1200004273;Sweat;body;
1200004274;Swift;person;name
1200004275;Swimmer;person;
1200004276;Swine;animal;
1200004277;Sword;artifact;
1200004278;Sycamore;plant;
1200004282;Synagogue;artifact;
1200004284;Syracuse;location;name
1200004285;Syria;location;name
1200004295;Tabernacle;artifact;name
1200004297;Tableland;object;
1200004298;Tabor;artifact;
1200004309;Talent;cognition;
1200004314;Tamarisk;plant;
1200004315;Tambourine;artifact;
1200004319;Tanner;possession;
1200004322;Tar;substance;
1200004326;Tarsus;body;
1200004328;Tartan;artifact;
1200004329;Tartarus;cognition;name
1200004331;Tattoo;communication;
1200004332;Taw;communication;
1200004333;Taxation;possession;
1200004334;Tax Collector;person;
1200004339;Teeth;body;
1200004359;Temple;artifact;
1200004360;Ten;quantity;
1200004361;Ten Commandments;communication;name
1200004362;Tent;artifact;
1200004363;Tenth Part;quantity;
1200004364;Tentmaker;person;
1200004374;Thaddaeus;person;name
1200004375;Theater;artifact;
1200004379;Thessalonica;location;name
1200004381;Thief;person;
1200004382;Thigh;body;
1200004384;Thistle;plant;
1200004385;Thomas;person;name
1200004386;Thorn;cognition;
1200004389;Threshing;act;
1200004390;Throat;body;
1200004391;Throne;artifact;
1200004392;Thumb;body;
1200004394;Thunder;event;
1200004398;Tiberius;person;name
1200004416;Timothy;plant;
1200004418;Tin;substance;
1200004428;Tishri;time;name
1200004429;Tithe;possession;
1200004431;Titus;person;name
1200004440;Toe;body;
1200004447;Tomb;artifact;
1200004448;Tongue;body;
1200004450;Topaz;substance;
1200004453;Torch;artifact;
1200004454;Torment;state;
1200004458;Tow;act;
1200004459;Tower;artifact;
1200004460;Tower of Babel;artifact;
1200004461;Town;location;
1200004463;Tradition;cognition;
1200004464;Traitor;person;
1200004465;Trance;state;
1200004466;Transfiguration;time;name
1200004467;Transgression;act;
1200004468;Translator;person;
1200004469;Transportation;artifact;
1200004470;Trap;artifact;
1200004471;Treasury;possession;
1200004473;Trespass;act;
1200004474;Trial;act;
1200004475;Tribe;group;
1200004476;Tribulation;event;
1200004477;Tribunal;group;
1200004478;Tribute;communication;
1200004482;Trumpet;artifact;
1200004483;Truth;cognition;
1200004490;Turban;artifact;
1200004492;Turquoise;substance;
1200004493;Turtledove;animal;
1200004494;Tutor;person;
1200004497;Tyrannus;animal;name
1200004498;Tyre;location;name
1200004504;Ulcer;state;
1200004506;Ummah;group;name
1200004507;Uncle;person;
1200004509;Uncleanness;state;
1200004510;Understanding;cognition;
1200004518;Ur;location;name
1200004521;Uriah;person;name
1200004524;Urim and Thummim;communication;
1200004540;Valley;object;
1200004545;Vapor;substance;
1200004547;Vat;possession;
1200004549;Vegetation;group;
1200004550;Veil;artifact;
1200004551;Vengeance;act;
1200004552;Venom;substance;
1200004553;Vermilion;attribute;
1200004556;Village;group;
1200004557;Vine;plant;
1200004558;Vinegar;food;
1200004560;Vineyard;artifact;
1200004561;Viper;animal;
1200004563;Virgin;person;
1200004564;Vision;cognition;
1200004565;Visionary;person;
1200004566;Voice;attribute;
1200004568;Vow;communication;
1200004569;Vulture;animal;
1200004570;Wages;event;
1200004571;Wagon;artifact;
1200004573;War;act;
1200004575;Warp;state;
1200004579;Watch;artifact;
1200004580;Watchman;person;
1200004581;Watchtower;artifact;
1200004582;Water;substance;
1200004583;Water Gate;artifact;
1200004584;Watermelon;plant;
1200004586;Waw;communication;
1200004587;Wax;substance;
1200004589;Weaning;act;
1200004591;Weaving;act;
1200004592;Weeds;artifact;
1200004593;Week;time;
1200004595;Weeping;act;
1200004597;Well;artifact;
1200004598;West;location;name
1200004599;Wheat;plant;
1200004600;Wheel;artifact;
1200004601;Whip;artifact;
1200004602;White;person;name
1200004603;Wickedness;act;
1200004604;Widow;person;
1200004605;Wife;person;
1200004606;Wild Ass;animal;
1200004608;Wilderness;state;
1200004610;Wild Goat;animal;
1200004611;Willow;plant;
1200004612;Wind;phenomenon;
1200004613;Window;artifact;
1200004615;Winepress;artifact;
1200004617;Winnowing;act;
1200004618;Wisdom;cognition;
1200004619;Witness;person;
1200004620;Wolf;animal;
1200004621;Woman;person;
1200004622;Womb;body;
1200004623;Woof;artifact;
1200004624;Wool;artifact;
1200004626;Work;act;
1200004627;World;object;
1200004628;Worm;animal;
1200004629;Wormwood;plant;
1200004630;Worship;act;
1200004631;Wrath;feeling;
1200004632;Writing;act;
1200004634;Yahweh;person;name
1200004635;Year;time;
1200004636;Yeast;substance;
1200004639;Yoke;artifact;
1200004666;Zayin;communication;
1200004668;Zeal;feeling;
1200004677;Zebra;animal;
1200004681;Zechariah;person;name
1200004696;Zephaniah;person;name
1200004721;Zeus;person;name
1200004740;Zion;location;name
1200004749;Zither;artifact;
1200004758;Zodiac;location;
